{
    "normals":[0.911222,0.411756,0.009278,0.013581,0.999847,0.008209,0.001984,0.379101,0.925321,0.358745,0.141545,0.922605,-0.909452,0.415632,0.009705,-0.350749,0.160894,0.922513,-0.913205,-0.407331,0.009522,-0.350322,-0.152013,0.924192,-0.00766,-0.999939,0.007752,-0.000275,-0.369884,0.929044,0.905881,-0.423414,0.009552,0.344523,-0.152745,0.926237,-0.361339,0.16657,-0.917417,-0.361553,-0.155126,-0.91934,-0.002655,-0.383404,-0.923551,0.355174,-0.15891,-0.921171,0.37019,0.146062,-0.917386,0.000977,0.39256,-0.919706],
    "uvs":[],
    "name":"Cube.001Geometry",
    "vertices":[-1.67273,2.78747,-0.117088,-1.68879,-0.13553,-0.117088,-0.212611,-1.46252,-0.117088,1.18682,-0.250674,-0.117088,1.22226,2.73143,-0.117088,-0.224778,4.03827,-0.117088,-0.244641,3.06065,0.491875,0.508018,2.33669,0.491875,0.417618,0.144492,0.491875,-0.202615,-0.448394,0.491875,-0.93434,0.216938,0.491875,-0.923863,2.44757,0.491875,-0.917279,2.45166,-0.756995,-0.932482,0.224486,-0.756995,-0.207592,-0.450089,-0.756995,0.412763,0.139569,-0.756995,0.507194,2.33532,-0.756995,-0.247605,3.06058,-0.756995],
    "metadata":{
        "normals":18,
        "uvs":0,
        "generator":"io_three",
        "type":"Geometry",
        "vertices":18,
        "version":3,
        "faces":18
    },
    "faces":[33,4,5,6,7,0,1,2,3,33,0,11,6,5,4,5,2,1,33,0,1,10,11,4,6,7,5,33,1,2,9,10,6,8,9,7,33,2,3,8,9,8,10,11,9,33,3,4,7,8,10,0,3,11,32,6,11,7,2,5,3,33,7,11,10,8,3,5,7,11,32,8,10,9,11,7,9,33,1,0,12,13,6,4,12,13,33,2,1,13,14,8,6,13,14,33,3,2,14,15,10,8,14,15,33,4,3,15,16,0,10,15,16,33,5,4,16,17,1,0,16,17,33,0,5,17,12,4,1,17,12,32,13,15,14,13,15,14,32,12,17,16,12,17,16,33,12,16,15,13,12,16,15,13]
}