{
    "normals":[0.577349,-0.577349,-0.577349,0.577349,-0.577349,0.577349,-0.577349,-0.577349,0.577349,-0.577349,-0.577349,-0.577349,0.577349,0.577349,-0.577349,-0.577349,0.577349,-0.577349,-0.577349,0.577349,0.577349,0.577349,0.577349,0.577349],
    "metadata":{
        "normals":8,
        "type":"Geometry",
        "version":3,
        "faces":90,
        "generator":"io_three",
        "vertices":120,
        "uvs":0
    },
    "name":"Cube.001Geometry",
    "faces":[33,0,1,2,3,0,1,2,3,33,4,7,6,5,4,5,6,7,33,0,4,5,1,0,4,7,1,33,1,5,6,2,1,7,6,2,33,2,6,7,3,2,6,5,3,33,4,0,3,7,4,0,3,5,33,8,9,10,11,0,1,2,3,33,12,15,14,13,4,5,6,7,33,8,12,13,9,0,4,7,1,33,9,13,14,10,1,7,6,2,33,10,14,15,11,2,6,5,3,33,12,8,11,15,4,0,3,5,33,16,17,18,19,0,1,2,3,33,20,23,22,21,4,5,6,7,33,16,20,21,17,0,4,7,1,33,17,21,22,18,1,7,6,2,33,18,22,23,19,2,6,5,3,33,20,16,19,23,4,0,3,5,33,24,25,26,27,0,1,2,3,33,28,31,30,29,4,5,6,7,33,24,28,29,25,0,4,7,1,33,25,29,30,26,1,7,6,2,33,26,30,31,27,2,6,5,3,33,28,24,27,31,4,0,3,5,33,32,33,34,35,0,1,2,3,33,36,39,38,37,4,5,6,7,33,32,36,37,33,0,4,7,1,33,33,37,38,34,1,7,6,2,33,34,38,39,35,2,6,5,3,33,36,32,35,39,4,0,3,5,33,40,41,42,43,0,1,2,3,33,44,47,46,45,4,5,6,7,33,40,44,45,41,0,4,7,1,33,41,45,46,42,1,7,6,2,33,42,46,47,43,2,6,5,3,33,44,40,43,47,4,0,3,5,33,48,49,50,51,0,1,2,3,33,52,55,54,53,4,5,6,7,33,48,52,53,49,0,4,7,1,33,49,53,54,50,1,7,6,2,33,50,54,55,51,2,6,5,3,33,52,48,51,55,4,0,3,5,33,56,57,58,59,0,1,2,3,33,60,63,62,61,4,5,6,7,33,56,60,61,57,0,4,7,1,33,57,61,62,58,1,7,6,2,33,58,62,63,59,2,6,5,3,33,60,56,59,63,4,0,3,5,33,64,65,66,67,0,1,2,3,33,68,71,70,69,4,5,6,7,33,64,68,69,65,0,4,7,1,33,65,69,70,66,1,7,6,2,33,66,70,71,67,2,6,5,3,33,68,64,67,71,4,0,3,5,33,72,73,74,75,0,1,2,3,33,76,79,78,77,4,5,6,7,33,72,76,77,73,0,4,7,1,33,73,77,78,74,1,7,6,2,33,74,78,79,75,2,6,5,3,33,76,72,75,79,4,0,3,5,33,80,81,82,83,0,1,2,3,33,84,87,86,85,4,5,6,7,33,80,84,85,81,0,4,7,1,33,81,85,86,82,1,7,6,2,33,82,86,87,83,2,6,5,3,33,84,80,83,87,4,0,3,5,33,88,89,90,91,0,1,2,3,33,92,95,94,93,4,5,6,7,33,88,92,93,89,0,4,7,1,33,89,93,94,90,1,7,6,2,33,90,94,95,91,2,6,5,3,33,92,88,91,95,4,0,3,5,33,96,97,98,99,0,1,2,3,33,100,103,102,101,4,5,6,7,33,96,100,101,97,0,4,7,1,33,97,101,102,98,1,7,6,2,33,98,102,103,99,2,6,5,3,33,100,96,99,103,4,0,3,5,33,104,105,106,107,0,1,2,3,33,108,111,110,109,4,5,6,7,33,104,108,109,105,0,4,7,1,33,105,109,110,106,1,7,6,2,33,106,110,111,107,2,6,5,3,33,108,104,107,111,4,0,3,5,33,112,113,114,115,0,1,2,3,33,116,119,118,117,4,5,6,7,33,112,116,117,113,0,4,7,1,33,113,117,118,114,1,7,6,2,33,114,118,119,115,2,6,5,3,33,116,112,115,119,4,0,3,5],
    "vertices":[-4.95178,22.2097,4.40591,-4.95178,22.2097,6.40591,-6.95178,22.2097,6.40591,-6.95178,22.2097,4.40591,-4.95178,24.2097,4.40591,-4.95178,24.2097,6.40591,-6.95178,24.2097,6.40591,-6.95178,24.2097,4.40591,14.998,7.16898,-5.29985,14.998,7.16898,-3.29985,12.998,7.16898,-3.29985,12.998,7.16898,-5.29985,14.998,9.16898,-5.29985,14.998,9.16898,-3.29985,12.998,9.16898,-3.29985,12.998,9.16898,-5.29985,-1.61729,1.73263,-11.3033,-1.61729,1.73263,-9.30331,-3.61729,1.73263,-9.30331,-3.61729,1.73263,-11.3033,-1.61729,3.73263,-11.3033,-1.6173,3.73263,-9.30331,-3.6173,3.73263,-9.30331,-3.61729,3.73263,-11.3033,0.714467,14.1707,-4.78084,0.714467,14.1707,-2.78084,-1.28553,14.1707,-2.78084,-1.28553,14.1707,-4.78084,0.714467,16.1707,-4.78084,0.714466,16.1707,-2.78084,-1.28553,16.1707,-2.78084,-1.28553,16.1707,-4.78084,2.8053,8.8,-18.413,2.8053,8.8,-16.413,0.805299,8.8,-16.413,0.805299,8.8,-18.413,2.8053,10.8,-18.413,2.8053,10.8,-16.413,0.805299,10.8,-16.413,0.805299,10.8,-18.413,2.8053,18.6439,-2.2095,2.8053,18.6439,-0.2095,0.805299,18.6439,-0.2095,0.805299,18.6439,-2.2095,2.8053,20.6439,-2.2095,2.8053,20.6439,-0.2095,0.805299,20.6439,-0.209501,0.805299,20.6439,-2.2095,-6.80578,4.52786,-4.94382,-6.80578,4.52786,-2.94382,-8.80578,4.52786,-2.94382,-8.80578,4.52786,-4.94382,-6.80578,6.52786,-4.94382,-6.80578,6.52786,-2.94382,-8.80578,6.52786,-2.94382,-8.80578,6.52786,-4.94382,-11.1472,7.05795,-6.54555,-11.1472,7.05795,-4.54555,-13.1472,7.05795,-4.54555,-13.1472,7.05795,-6.54555,-11.1472,9.05794,-6.54555,-11.1472,9.05795,-4.54555,-13.1472,9.05795,-4.54555,-13.1472,9.05794,-6.54555,-16.3281,6.31547,4.52403,-16.3281,6.31547,6.52403,-18.3281,6.31547,6.52403,-18.3281,6.31547,4.52403,-16.3281,8.31547,4.52403,-16.3281,8.31547,6.52403,-18.3281,8.31547,6.52403,-18.3281,8.31547,4.52403,8.24548,19.7271,-1.64179,8.24548,19.7271,0.358209,6.24548,19.7271,0.358209,6.24548,19.7271,-1.64179,8.24548,21.7271,-1.64179,8.24548,21.7271,0.35821,6.24548,21.7271,0.358209,6.24548,21.7271,-1.64179,14.2808,3.15144,-2.76703,14.2808,3.15144,-0.767033,12.2808,3.15144,-0.767033,12.2808,3.15144,-2.76703,14.2808,5.15144,-2.76703,14.2808,5.15144,-0.767033,12.2808,5.15144,-0.767034,12.2808,5.15144,-2.76703,9.40872,3.15144,8.69683,9.40872,3.15144,10.6968,7.40871,3.15144,10.6968,7.40871,3.15144,8.69683,9.40872,5.15144,8.69683,9.40871,5.15144,10.6968,7.40871,5.15144,10.6968,7.40871,5.15144,8.69683,17.6559,5.68365,4.50722,17.6559,5.68365,6.50722,15.6559,5.68365,6.50722,15.6559,5.68365,4.50722,17.6559,7.68365,4.50722,17.6559,7.68365,6.50722,15.6559,7.68365,6.50722,15.6559,7.68365,4.50722,0.865057,6.55767,18.8117,0.865057,6.55767,20.8117,-1.13494,6.55767,20.8117,-1.13494,6.55767,18.8117,0.865057,8.55767,18.8117,0.865056,8.55767,20.8117,-1.13494,8.55767,20.8117,-1.13494,8.55767,18.8117,-4.48698,7.93535,-16.3473,-4.48698,7.93535,-14.3473,-6.48698,7.93535,-14.3473,-6.48698,7.93535,-16.3473,-4.48698,9.93535,-16.3473,-4.48698,9.93535,-14.3473,-6.48698,9.93535,-14.3473,-6.48698,9.93535,-16.3473],
    "uvs":[]
}